Section,Level,Label,CONTA,COSIF,NOME_CONTA,Observacoes,ContaBase,Id
Ativo,1,Ativo Realizável,1000000009,,Ativo Realizável,,1000000009,ativo_1000000009
Ativo,1,Ativo Realizável,1100000002,,DISPONIBILIDADES,,1000000009,ativo_1000000009
Ativo,1,Ativo Realizável,1110000009,,Caixa,,1000000009,ativo_1000000009
Ativo,1,Ativo Realizável,1111000008,,CAIXA,,1000000009,ativo_1000000009
Ativo,1,Ativo Realizável,1120000006,,Depósitos Bancários,,1000000009,ativo_1000000009
Ativo,1,Ativo Realizável,1123000003,,DEPÓSITOS BANCÁRIOS DE INSTITUIÇÕES SEM CONTA RESERVA,,1000000009,ativo_1000000009
Ativo,1,Ativo Realizável,1130000003,,Reservas Livres,,1000000009,ativo_1000000009
Ativo,1,Ativo Realizável,1131000002,,BANCO CENTRAL - RESERVAS LIVRES EM ESPÉCIE,,1000000009,ativo_1000000009
Ativo,1,Ativo Realizável,1139000004,,BANCO CENTRAL - OUTRAS RESERVAS LIVRES,,1000000009,ativo_1000000009
Ativo,1,Ativo Realizável,1150000007,,Disponibilidades em Moedas Estrangeiras,,1000000009,ativo_1000000009
Ativo,1,Ativo Realizável,1151000006,,BANCOS - DEPÓSITOS EM MOEDAS ESTRANGEIRAS NO PAÍS,,1000000009,ativo_1000000009
Ativo,1,Ativo Realizável,1152000005,,DEPÓSITOS NO EXTERIOR EM MOEDAS ESTRANGEIRAS,,1000000009,ativo_1000000009
Ativo,1,Ativo Realizável,1154000003,,DISPONIBILIDADES EM MOEDAS ESTRANGEIRAS,,1000000009,ativo_1000000009
Ativo,1,Ativo Realizável,1190000005,,Disponibilidades - Outras,,1000000009,ativo_1000000009
Ativo,1,Ativo Realizável,1193000002,,NUMERÁRIO EM TRÂNSITO - TERCEIROS,,1000000009,ativo_1000000009
Ativo,1,Ativo Realizável,1200000005,,APLICAÇÕES INTERFINANCEIRAS DE LIQUIDEZ,,1000000009,ativo_1000000009
Ativo,1,Ativo Realizável,1210000002,,Aplicações em Operações Compromissadas,,1000000009,ativo_1000000009
Ativo,1,Ativo Realizável,1211000001,,REVENDAS A LIQUIDAR - POSIÇÃO BANCADA,,1000000009,ativo_1000000009
Ativo,1,Ativo Realizável,1212000000,,REVENDAS A LIQUIDAR - POSIÇÃO FINANCIADA,,1000000009,ativo_1000000009
Ativo,1,Ativo Realizável,1213000009,,REVENDAS A LIQUIDAR - POSIÇÃO VENDIDA,,1000000009,ativo_1000000009
Ativo,1,Ativo Realizável,1220000009,,Aplicações em Depósitos Interfinanceiros,,1000000009,ativo_1000000009
Ativo,1,Ativo Realizável,1221000008,,APLICAÇÕES EM DEPÓSITOS INTERFINANCEIROS,,1000000009,ativo_1000000009
Ativo,1,Ativo Realizável,1250000000,,Aplicações em Depósitos de Poupança,,1000000009,ativo_1000000009
Ativo,1,Ativo Realizável,1251000009,,APLICAÇÕES EM DEPÓSITOS DE POUPANÇA,,1000000009,ativo_1000000009
Ativo,1,Ativo Realizável,1260000007,,Aplicações em Moedas Estrangeiras,,1000000009,ativo_1000000009
Ativo,1,Ativo Realizável,1261000006,,APLICAÇÕES EM MOEDAS ESTRANGEIRAS,,1000000009,ativo_1000000009
Ativo,1,Ativo Realizável,1269900005,,(-) Provisão para Perdas Associadas a Risco de Crédito,,1000000009,ativo_1000000009
Ativo,1,Ativo Realizável,1300000008,,TÍTULOS E VALORES MOBILIÁRIOS E INSTRUMENTOS FINANCEIROS DERIVATIVOS,,1000000009,ativo_1000000009
Ativo,1,Ativo Realizável,1310000005,,Livres,,1000000009,ativo_1000000009
Ativo,1,Ativo Realizável,1311000004,,TÍTULOS DE RENDA FIXA,,1000000009,ativo_1000000009
Ativo,1,Ativo Realizável,1311300003,,APLICAÇÃO EM CERTIFICADOS DE OPERAÇÕES ESTRUTURADAS,,1000000009,ativo_1000000009
Ativo,1,Ativo Realizável,1311500009,,COTAS DE FUNDOS DE INVESTIMENTO,,1000000009,ativo_1000000009
Ativo,1,Ativo Realizável,1312000003,,TÍTULOS DE RENDA VARIÁVEL,,1000000009,ativo_1000000009
Ativo,1,Ativo Realizável,1318500002,,APLICAÇÕES EM TÍTULOS E VALORES MOBILIÁRIOS NO EXTERIOR,,1000000009,ativo_1000000009
Ativo,1,Ativo Realizável,1320000002,,Vinculados a Operações Compromissadas,,1000000009,ativo_1000000009
Ativo,1,Ativo Realizável,1321000001,,TÍTULOS DE RENDA FIXA - VINCULADOS A RECOMPRAS,,1000000009,ativo_1000000009
Ativo,1,Ativo Realizável,1330000009,,Instrumentos Financeiros Derivativos,,1000000009,ativo_1000000009
Ativo,1,Ativo Realizável,1330100002,,CONTRATOS DE CÂMBIO - COMPRA DE MOEDA ESTRANGEIRA,,1000000009,ativo_1000000009
Ativo,1,Ativo Realizável,1330200005,,CONTRATOS DE CÂMBIO - VENDA DE MOEDA ESTRANGEIRA,,1000000009,ativo_1000000009
Ativo,1,Ativo Realizável,1331500003,,OPERAÇÕES DE SWAP,,1000000009,ativo_1000000009
Ativo,1,Ativo Realizável,1333000006,,COMPRAS A TERMO A RECEBER,,1000000009,ativo_1000000009
Ativo,1,Ativo Realizável,1333500001,,VENDAS A TERMO A RECEBER,,1000000009,ativo_1000000009
Ativo,1,Ativo Realizável,1334500000,,MERCADOS FUTUROS - AJUSTES DIARIOS A RECEBER,,1000000009,ativo_1000000009
Ativo,1,Ativo Realizável,1336000003,,PRÊMIOS DE OPÇÕES A EXERCER - AÇÕES,,1000000009,ativo_1000000009
Ativo,1,Ativo Realizável,1337000002,,"PREMIOS DE OPÇÕESA EXERCER - OUTROS ATIVOS, EXCETO AÇÕES",,1000000009,ativo_1000000009
Ativo,1,Ativo Realizável,1338000001,,DERIVATIVOS DE CRÉDITO,,1000000009,ativo_1000000009
Ativo,1,Ativo Realizável,1338500006,,OUTROS INSTRUMENTOS FINANCEIROS DERIVATIVOS,,1000000009,ativo_1000000009
Ativo,1,Ativo Realizável,1340000006,,Vinculados ao Banco Central,,1000000009,ativo_1000000009
Ativo,1,Ativo Realizável,1341000005,,BANCO CENTRAL - DEPÓSITOS PARA CAPITAL EM TÍTULOS,,1000000009,ativo_1000000009
Ativo,1,Ativo Realizável,1342000004,,BANCO CENTRAL - RESERVAS COMPULSÓRIAS EM TÍTULOS,,1000000009,ativo_1000000009
Ativo,1,Ativo Realizável,1344500007,,BANCO CENTRAL - TÍTULOS VINCULADOS A RECURSOS DE POUPANÇA,,1000000009,ativo_1000000009
Ativo,1,Ativo Realizável,1345000001,,TÍTULOS DE RENDA FIXA BLOQUEADOS,,1000000009,ativo_1000000009
Ativo,1,Ativo Realizável,1360000000,,Vinculados à Prestação de Garantias,,1000000009,ativo_1000000009
Ativo,1,Ativo Realizável,1361000009,,TÍTULOS DADOS EM GARANTIA EM OPERAÇÕES EM BOLSAS,,1000000009,ativo_1000000009
Ativo,1,Ativo Realizável,1361500004,,TÍTULOS DADOS EM GARANTIA DE OPERAÇÕES EM CÂMARAS DE LIQUIDAÇÃO E COMPENSAÇÃO,,1000000009,ativo_1000000009
Ativo,1,Ativo Realizável,1361600007,,TÍTULOS DADOS EM GARANTIA EM ARRANJO DE PAGAMENTO,,1000000009,ativo_1000000009
Ativo,1,Ativo Realizável,1361700000,,TÍTULOS - CARTEIRAS DE ATIVOS - LIG,,1000000009,ativo_1000000009
Ativo,1,Ativo Realizável,1362000008,,TÍTULOS DADOS EM GARANTIA - OUTROS,,1000000009,ativo_1000000009
Ativo,1,Ativo Realizável,1362500003,,TÍTULOS VINCULADOS A SALDOS EM CONTA PRÉ-PAGA,,1000000009,ativo_1000000009
Ativo,1,Ativo Realizável,1370000007,,Títulos Objeto de Operações Compromissadas com Livre Movimentação,,1000000009,ativo_1000000009
Ativo,1,Ativo Realizável,1371000006,,TÍTULOS OBJETO DE OPERAÇÕES COMPROMISSADAS COM LIVRE MOVIMENTAÇÃO,,1000000009,ativo_1000000009
Ativo,1,Ativo Realizável,1390000001,,Vinculados a Operações de Empréstimos,,1000000009,ativo_1000000009
Ativo,1,Ativo Realizável,1391000000,,ATIVOS FINANCEIROS EMPRESTADOS,,1000000009,ativo_1000000009
Ativo,1,Ativo Realizável,1400000001,,RELAÇÕES INTERFINANCEIRAS,,1000000009,ativo_1000000009
Ativo,1,Ativo Realizável,1410000008,,Direitos Junto a Participantes de Sistema de Liquidação e de Arranjo de Pagamento,,1000000009,ativo_1000000009
Ativo,1,Ativo Realizável,1411000007,,CHEQUES E OUTROS PAPÉIS A DEVOLVER,,1000000009,ativo_1000000009
Ativo,1,Ativo Realizável,1412000006,,CHEQUES E OUTROS PAPÉIS A REMETER,,1000000009,ativo_1000000009
Ativo,1,Ativo Realizável,1413000005,,CHEQUES E OUTROS PAPÉIS REMETIDOS,,1000000009,ativo_1000000009
Ativo,1,Ativo Realizável,1414000004,,RECEBIMENTOS DE DOCUMENTOS ENVIADOS POR OUTROS PARTICIPANTES DO SISTEMA,,1000000009,ativo_1000000009
Ativo,1,Ativo Realizável,1415000003,,TRANSAÇÕES DE PAGAMENTO,,1000000009,ativo_1000000009
Ativo,1,Ativo Realizável,1416500007,,TRANSAÇÕES DE PAGAMENTOS INSTANTÂNEOS,,1000000009,ativo_1000000009
Ativo,1,Ativo Realizável,1420000005,,Créditos Vinculados,,1000000009,ativo_1000000009
Ativo,1,Ativo Realizável,1420200001,,BANCO CENTRAL - DEPÓSITOS DE MOEDA ELETRÔNICA,,1000000009,ativo_1000000009
Ativo,1,Ativo Realizável,1420600003,,BANCO CENTRAL - CONTA DE PAGAMENTO INSTANTÂNEO,,1000000009,ativo_1000000009
Ativo,1,Ativo Realizável,1421500009,,BANCO CENTRAL - DEPÓSITOS PARA CAPITAL EM DINHEIRO,,1000000009,ativo_1000000009
Ativo,1,Ativo Realizável,1422800007,,RESERVAS COMPULSÓRIAS EM ESPÉCIE NO BANCO CENTRAL,,1000000009,ativo_1000000009
Ativo,1,Ativo Realizável,1423300001,,BANCO CENTRAL - RECOLHIMENTOS OBRIGATÓRIOS,,1000000009,ativo_1000000009
Ativo,1,Ativo Realizável,1423500007,,BANCO CENTRAL - OUTROS DEPÓSITOS,,1000000009,ativo_1000000009
Ativo,1,Ativo Realizável,1424000001,,BANCOS OFICIAIS - DEPÓSITOS VINCULADOS A CONVÊNIO,,1000000009,ativo_1000000009
Ativo,1,Ativo Realizável,1426000009,,SFH - FGTS A RESSARCIR,,1000000009,ativo_1000000009
Ativo,1,Ativo Realizável,1426500004,,SFH - FUNDO DE COMPENSAÇÃO DE VARIAÇÕES SALARIAIS,,1000000009,ativo_1000000009
Ativo,1,Ativo Realizável,1428000007,,CRÉDITO RURAL - PROAGRO A RECEBER,,1000000009,ativo_1000000009
Ativo,1,Ativo Realizável,1430000002,,Repasses Interfinanceiros,,1000000009,ativo_1000000009
Ativo,1,Ativo Realizável,1431000001,,DEVEDORES POR REPASSES DE RECURSOS DO CRÉDITO RURAL,,1000000009,ativo_1000000009
Ativo,1,Ativo Realizável,1432000000,,DEVEDORES POR REPASSES DE RECURSOS EXTERNOS,,1000000009,ativo_1000000009
Ativo,1,Ativo Realizável,1436000006,,DEVEDORES POR REPASSES A AGENTES FINANCEIROS,,1000000009,ativo_1000000009
Ativo,1,Ativo Realizável,1439000003,,DEVEDORES POR REPASSES DE OUTROS RECURSOS,,1000000009,ativo_1000000009
Ativo,1,Ativo Realizável,1440000009,,Relações com Correspondentes,,1000000009,ativo_1000000009
Ativo,1,Ativo Realizável,1443000006,,CORRESPONDENTES NO PAÍS,,1000000009,ativo_1000000009
Ativo,1,Ativo Realizável,1460000003,,Créditos Vinculados a Operações Adquiridas em Cessão,,1000000009,ativo_1000000009
Ativo,1,Ativo Realizável,1461000002,,DE OPERAÇÕES DE CRÉDITO,,1000000009,ativo_1000000009
Ativo,1,Ativo Realizável,1461500007,,DE OPERAÇÕES DE ARRENDAMENTO,,1000000009,ativo_1000000009
Ativo,1,Ativo Realizável,1463500005,,DE OUTROS ATIVOS FINANCEIROS,,1000000009,ativo_1000000009
Ativo,1,Ativo Realizável,1490000004,,(-) Provisão Para Perdas Associadas a Risco de Crédito,,1000000009,ativo_1000000009
Ativo,1,Ativo Realizável,1494000000,,(-) PERDAS INCORRIDAS ASSOCIADAS AO RISCO DE CRÉDITO,,1000000009,ativo_1000000009
Ativo,1,Ativo Realizável,1496000008,,(-) PERDAS ESPERADAS ASSOCIADAS AO RISCO DE CRÉDITO,,1000000009,ativo_1000000009
Ativo,1,Ativo Realizável,1600000007,,OPERAÇÕES DE CRÉDITO,,1000000009,ativo_1000000009
Ativo,1,Ativo Realizável,1610000004,,Empréstimos e Direitos Creditórios Descontados,,1000000009,ativo_1000000009
Ativo,1,Ativo Realizável,1611000003,,ADIANTAMENTOS A DEPOSITANTES,,1000000009,ativo_1000000009
Ativo,1,Ativo Realizável,1612000002,,EMPRÉSTIMOS,,1000000009,ativo_1000000009
Ativo,1,Ativo Realizável,1613000001,,DIREITOS CREDITÓRIOS DESCONTADOS,,1000000009,ativo_1000000009
Ativo,1,Ativo Realizável,1620000001,,Financiamentos,,1000000009,ativo_1000000009
Ativo,1,Ativo Realizável,1621000000,,FINANCIAMENTOS,,1000000009,ativo_1000000009
Ativo,1,Ativo Realizável,1622000009,,FINANCIAMENTOS À EXPORTAÇÃO,,1000000009,ativo_1000000009
Ativo,1,Ativo Realizável,1622500004,,FINANCIAMENTOS EM MOEDAS ESTRANGEIRAS,,1000000009,ativo_1000000009
Ativo,1,Ativo Realizável,1623000008,,FINANCIAMENTOS COM INTERVENIÊNCIA,,1000000009,ativo_1000000009
Ativo,1,Ativo Realizável,1624000007,,FINANCIAMENTOS AGROINDUSTRIAIS,,1000000009,ativo_1000000009
Ativo,1,Ativo Realizável,1630000008,,Financiamentos Rurais,,1000000009,ativo_1000000009
Ativo,1,Ativo Realizável,1630500003,,FINANCIAMENTOS RURAIS - APLICAÇÕES COM RECURSOS LIVRES,,1000000009,ativo_1000000009
Ativo,1,Ativo Realizável,1631500002,,FINANCIAMENTOS RURAIS - APLICAÇÕES COM RECURSOS DIRECIONADOS À VISTA,,1000000009,ativo_1000000009
Ativo,1,Ativo Realizável,1632500001,,FINANCIAMENTOS RURAIS - APLICAÇÕES COM RECURSOS DIRECIONADOS DA POUPANÇA RURAL,,1000000009,ativo_1000000009
Ativo,1,Ativo Realizável,1633500000,,FINANCIAMENTOS RURAIS - APLICAÇÕES COM RECURSOS DIRECIONADOS DE LCA,,1000000009,ativo_1000000009
Ativo,1,Ativo Realizável,1634500009,,FINANCIAMENTOS RURAIS COM RECURSOS DE FONTES PÚBLICAS,,1000000009,ativo_1000000009
Ativo,1,Ativo Realizável,1640000005,,Financiamentos Imobiliários,,1000000009,ativo_1000000009
Ativo,1,Ativo Realizável,1641000004,,IMÓVEIS NÃO RESIDENCIAIS,,1000000009,ativo_1000000009
Ativo,1,Ativo Realizável,1643000002,,IMÓVEIS RESIDENCIAIS,,1000000009,ativo_1000000009
Ativo,1,Ativo Realizável,1644000001,,FINANCIAMENTOS IMOBILIÁRIOS - CARTEIRAS DE ATIVOS - LIG,,1000000009,ativo_1000000009
Ativo,1,Ativo Realizável,1650000002,,Financiamentos de Títulos e Valores Mobiliários,,1000000009,ativo_1000000009
Ativo,1,Ativo Realizável,1652000000,,FINANCIAMENTOS DE CONTA MARGEM,,1000000009,ativo_1000000009
Ativo,1,Ativo Realizável,1660000009,,Financiamentos de Infraestrutura e Desenvolvimento,,1000000009,ativo_1000000009
Ativo,1,Ativo Realizável,1661000008,,FINANCIAMENTOS DE INFRAESTRUTURA E DESENVOLVIMENTO,,1000000009,ativo_1000000009
Ativo,1,Ativo Realizável,1700000000,,OPERAÇÕES DE ARRENDAMENTO,,1000000009,ativo_1000000009
Ativo,1,Ativo Realizável,1740000008,,Arrendador,,1000000009,ativo_1000000009
Ativo,1,Ativo Realizável,1741000007,,FINANCEIRO,,1000000009,ativo_1000000009
Ativo,1,Ativo Realizável,1742000006,,OPERACIONAL,,1000000009,ativo_1000000009
Ativo,1,Ativo Realizável,1760000002,,Arrendatário,,1000000009,ativo_1000000009
Ativo,1,Ativo Realizável,1761000001,,ANTECIPAÇÕES DE PAGAMENTOS DE ARRENDAMENTO,,1000000009,ativo_1000000009
Ativo,1,Ativo Realizável,1800000003,,OUTROS CRÉDITOS,,1000000009,ativo_1000000009
Ativo,1,Ativo Realizável,1810000000,,Operações com Características de Concessão de Crédito,,1000000009,ativo_1000000009
Ativo,1,Ativo Realizável,1811000009,,CRÉDITOS POR AVAIS E FIANÇAS HONRADOS,,1000000009,ativo_1000000009
Ativo,1,Ativo Realizável,1812000008,,ADIANTAMENTO DE CONTRATO DE CÂMBIO,,1000000009,ativo_1000000009
Ativo,1,Ativo Realizável,1813000007,,TÍTULOS COM CARACTERÍSTICA DE CONCESSÃO DE CRÉDITO,,1000000009,ativo_1000000009
Ativo,1,Ativo Realizável,1814000006,,CRÉDITO POR VENDA A PRAZO DE ATIVOS NÃO FINANCEIROS,,1000000009,ativo_1000000009
Ativo,1,Ativo Realizável,1819000001,,OUTRAS OPERAÇÕES COM CARACTERÍSTICA DE CONCESSÃO DE CRÉDITO,,1000000009,ativo_1000000009
Ativo,1,Ativo Realizável,1830000004,,Rendas a Receber,,1000000009,ativo_1000000009
Ativo,1,Ativo Realizável,1833000001,,COMISSÕES E CORRETAGENS A RECEBER,,1000000009,ativo_1000000009
Ativo,1,Ativo Realizável,1834000000,,COMISSÕES POR COOBRIGAÇÕES A RECEBER,,1000000009,ativo_1000000009
Ativo,1,Ativo Realizável,1835000009,,CORRETAGENS DE CÂMBIO A RECEBER,,1000000009,ativo_1000000009
Ativo,1,Ativo Realizável,1835500004,,VALORES A RECEBER DE EMPRÉSTIMOS DE ATIVOS FINANCEIROS,,1000000009,ativo_1000000009
Ativo,1,Ativo Realizável,1836000008,,DIVIDENDOS E BONIFICAÇÕES EM DINHEIRO A RECEBER,,1000000009,ativo_1000000009
Ativo,1,Ativo Realizável,1837000007,,SERVIÇOS PRESTADOS A RECEBER,,1000000009,ativo_1000000009
Ativo,1,Ativo Realizável,1838000006,,SERVIÇOS PRESTADOS EM ARRANJO DE PAGAMENTO,,1000000009,ativo_1000000009
Ativo,1,Ativo Realizável,1839000005,,OUTRAS RENDAS A RECEBER,,1000000009,ativo_1000000009
Ativo,1,Ativo Realizável,1840000001,,Negociação e Intermediação de Valores,,1000000009,ativo_1000000009
Ativo,1,Ativo Realizável,1840500006,,BOLSAS - DEPÓSITOS EM GARANTIA,,1000000009,ativo_1000000009
Ativo,1,Ativo Realizável,1841000000,,CAIXAS DE REGISTRO E LIQUIDAÇÃO,,1000000009,ativo_1000000009
Ativo,1,Ativo Realizável,1843000008,,DEVEDORES - CONTA LIQUIDAÇÕES PENDENTES,,1000000009,ativo_1000000009
Ativo,1,Ativo Realizável,1843500003,,FUNDO DE GARANTIA PARA LIQUIDAÇÃO DE OPERAÇÕES,,1000000009,ativo_1000000009
Ativo,1,Ativo Realizável,1844000007,,OPERAÇÕES COM ATIVOS FINANCEIROS E MERCADORIAS A LIQUIDAR,,1000000009,ativo_1000000009
Ativo,1,Ativo Realizável,1845300005,,OPERAÇÕES DE INTERMEDIAÇÃO DE SWAP,,1000000009,ativo_1000000009
Ativo,1,Ativo Realizável,1847000004,,CAPTAÇÕES INTERFINANCEIRAS DE TERCEIROS A LIQUIDAR,,1000000009,ativo_1000000009
Ativo,1,Ativo Realizável,1849000002,,OUTROS CRÉDITOS POR NEGOCIAÇÃO E INTERMEDIAÇÃO DE VALORES,,1000000009,ativo_1000000009
Ativo,1,Ativo Realizável,1850000008,,Créditos Específicos,,1000000009,ativo_1000000009
Ativo,1,Ativo Realizável,1851000007,,DEVEDORES LOTÉRICOS - LOTERIA FEDERAL E ESTADUAL,,1000000009,ativo_1000000009
Ativo,1,Ativo Realizável,1853600003,,OPERAÇÕES VINCULADAS A FUNDOS ADMINISTRADOS,,1000000009,ativo_1000000009
Ativo,1,Ativo Realizável,1856000002,,TESOURO NACIONAL - PAGAMENTOS A RESSARCIR,,1000000009,ativo_1000000009
Ativo,1,Ativo Realizável,1859000009,,TESOURO NACIONAL - ALONGAMENTO DE CRÉDITO RURAL,,1000000009,ativo_1000000009
Ativo,1,Ativo Realizável,1860000005,,Direitos Creditórios Oriundos de Ações Judiciais,,1000000009,ativo_1000000009
Ativo,1,Ativo Realizável,1861000004,,PRECATÓRIOS PRÓPRIOS,,1000000009,ativo_1000000009
Ativo,1,Ativo Realizável,1862000003,,PRECATÓRIOS - ADQUIRIDOS - COM REGISTRO PÚBLICO,,1000000009,ativo_1000000009
Ativo,1,Ativo Realizável,1863000002,,PRECATÓRIOS - ADQUIRIDOS - SEM REGISTRO PÚBLICO,,1000000009,ativo_1000000009
Ativo,1,Ativo Realizável,1864000001,,DIREITOS CREDITÓRIOS EM PROCESSO DE EXECUÇÃO - PRÓPRIOS,,1000000009,ativo_1000000009
Ativo,1,Ativo Realizável,1865000000,,DIREITOS CREDITÓRIOS EM PROCESSO DE EXECUÇÃO - ADQUIRIDOS - COM REGISTRO PÚBLICO,,1000000009,ativo_1000000009
Ativo,1,Ativo Realizável,1866000009,,DIREITOS CREDITÓRIOS EM PROCESSO DE EXECUÇÃO - ADQUIRIDOS - SEM REGISTRO PÚBLICO,,1000000009,ativo_1000000009
Ativo,1,Ativo Realizável,1869000006,,OUTROS DIREITOS CREDITÓRIOS ORIUNDOS DE AÇÕES JUDICIAIS,,1000000009,ativo_1000000009
Ativo,1,Ativo Realizável,1870000002,,Valores Específicos,,1000000009,ativo_1000000009
Ativo,1,Ativo Realizável,1875000007,,APLICAÇÕES ESPECIAIS,,1000000009,ativo_1000000009
Ativo,1,Ativo Realizável,1877000005,,CUSTO INCREMENTAL PARA OBTENÇÃO DO CONTRATO DE CONSÓRCIO,,1000000009,ativo_1000000009
Ativo,1,Ativo Realizável,1877500000,,Cotas de grupos de consórcio,,1000000009,ativo_1000000009
Ativo,1,Ativo Realizável,1880000009,,Diversos,,1000000009,ativo_1000000009
Ativo,1,Ativo Realizável,1880200005,,ADIANTAMENTOS AO FGC OU AO FGCOOP,,1000000009,ativo_1000000009
Ativo,1,Ativo Realizável,1880300008,,ADIANTAMENTOS E ANTECIPAÇÕES SALARIAIS,,1000000009,ativo_1000000009
Ativo,1,Ativo Realizável,1880500004,,ADIANTAMENTOS PARA PAGAMENTOS POR CONTA DA INSTITUIÇÃO,,1000000009,ativo_1000000009
Ativo,1,Ativo Realizável,1881000008,,ADIANTAMENTOS POR CONTA DE IMOBILIZAÇÕES,,1000000009,ativo_1000000009
Ativo,1,Ativo Realizável,1882300006,,DIREITOS ESPECÍFICOS DE CONTROLADAS NÃO SUJEITAS À AUTORIZAÇÃO DO BANCO CENTRAL,,1000000009,ativo_1000000009
Ativo,1,Ativo Realizável,1882500002,,ATIVOS FISCAIS DIFERIDOS DE IMPOSTOS E CONTRIBUIÇÕES,,1000000009,ativo_1000000009
Ativo,1,Ativo Realizável,1883000006,,VALORES A RECEBER EM MOEDA ESTRANGEIRA,,1000000009,ativo_1000000009
Ativo,1,Ativo Realizável,1883500001,,DEVEDORES POR COMPRA DE VALORES E BENS,,1000000009,ativo_1000000009
Ativo,1,Ativo Realizável,1884000005,,DEVEDORES POR DEPÓSITOS EM GARANTIA,,1000000009,ativo_1000000009
Ativo,1,Ativo Realizável,1884500000,,IMPOSTOS E CONTRIBUIÇÕES A COMPENSAR,,1000000009,ativo_1000000009
Ativo,1,Ativo Realizável,1885000004,,IMPOSTO DE RENDA A RECUPERAR,,1000000009,ativo_1000000009
Ativo,1,Ativo Realizável,1885200000,,CRÉDITO PRESUMIDO,,1000000009,ativo_1000000009
Ativo,1,Ativo Realizável,1886000003,,OPÇÕES POR INCENTIVOS FISCAIS,,1000000009,ativo_1000000009
Ativo,1,Ativo Realizável,1886500008,,PAGAMENTOS A RESSARCIR,,1000000009,ativo_1000000009
Ativo,1,Ativo Realizável,1887000002,,PARTICIPAÇÕES PAGAS ANTECIPADAMENTE,,1000000009,ativo_1000000009
Ativo,1,Ativo Realizável,1887900009,,VALORES A RECEBER RELATIVOS A TRANSAÇÕES DE PAGAMENTO,,1000000009,ativo_1000000009
Ativo,1,Ativo Realizável,1888000001,,"TÍTULOS E CRÉDITOS A RECEBER, SEM CARACTERÍSTICA DE CONCESSÃO DE CRÉDITO",,1000000009,ativo_1000000009
Ativo,1,Ativo Realizável,1888200007,,ATIVOS ATUARIAIS GERADOS POR FUNDOS DE PENSÃO DE BENEFÍCIO DEFINIDO,,1000000009,ativo_1000000009
Ativo,1,Ativo Realizável,1888500006,,VALORES A RECEBER DE SOCIEDADES LIGADAS,,1000000009,ativo_1000000009
Ativo,1,Ativo Realizável,1889000000,,DEVEDORES DIVERSOS - EXTERIOR,,1000000009,ativo_1000000009
Ativo,1,Ativo Realizável,1889200006,,DEVEDORES DIVERSOS - PAÍS,,1000000009,ativo_1000000009
Ativo,1,Ativo Realizável,1890000006,,(-) Provisões para Outros Créditos,,1000000009,ativo_1000000009
Ativo,1,Ativo Realizável,1899600005,,(-) PROVISÃO PARA PERDAS DE CRÉDITO DE VALORES A RECEBER RELATIVOS A TRANSAÇÕES DE PAGAMENTO,,1000000009,ativo_1000000009
Ativo,1,Ativo Realizável,1899700008,,(-) PROVISÃO PARA PERDAS DE CRÉDITO SOBRE DIREITOS CREDITÓRIOS ORIUNDOS DE AÇÕES JUDICIAIS,,1000000009,ativo_1000000009
Ativo,1,Ativo Realizável,1899800001,,(-) PROVISÃO PARA PERDAS DE CRÉDITO EM RESTITUIÇÃO DE DEPÓSITOS JUDICIAIS E ADMINISTRATIVOS,,1000000009,ativo_1000000009
Ativo,1,Ativo Realizável,1899900004,,(-) PROVISÃO PARA PERDAS DE CRÉDITO - OUTROS CRÉDITOS,,1000000009,ativo_1000000009
Ativo,1,Ativo Realizável,1900000006,,OUTROS VALORES E BENS,,1000000009,ativo_1000000009
Ativo,1,Ativo Realizável,1910000003,,Investimentos Temporários,,1000000009,ativo_1000000009
Ativo,1,Ativo Realizável,1912000001,,INVESTIMENTOS MANTIDOS PARA VENDA,,1000000009,ativo_1000000009
Ativo,1,Ativo Realizável,1980000002,,Outros Valores e Bens,,1000000009,ativo_1000000009
Ativo,1,Ativo Realizável,1981500006,,ATIVOS NÃO FINANCEIROS A RECEBER DECORRENTE DE ADIANTAMENTO CONCEDIDOS,,1000000009,ativo_1000000009
Ativo,1,Ativo Realizável,1984000008,,ATIVOS EM ESTOQUE,,1000000009,ativo_1000000009
Ativo,1,Ativo Realizável,1987000005,,ATIVOS NÃO FINANCEIROS MANTIDOS PARA VENDA - PRÓPRIOS,,1000000009,ativo_1000000009
Ativo,1,Ativo Realizável,1988000004,,ATIVOS NÃO FINANCEIROS MANTIDOS PARA VENDA - RECEBIDOS,,1000000009,ativo_1000000009
Ativo,1,Ativo Realizável,1989000003,,OUTROS ATIVOS NÃO FINANCEIROS,,1000000009,ativo_1000000009
Ativo,1,Ativo Realizável,1989700004,,(-) PROVISÃO PARA DESVALORIZAÇÃO DE ATIVOS NÃO FINANCEIROS MANTIDOS PARA VENDA - PRÓPRIOS,,1000000009,ativo_1000000009
Ativo,1,Ativo Realizável,1989800007,,(-) PROVISÃO PARA DESVALORIZAÇÃO DE ATIVOS NÃO FINANCEIROS MANTIDOS PARA VENDA - RECEBIDOS,,1000000009,ativo_1000000009
Ativo,1,Ativo Realizável,1989900000,,(-) PROVISÃO PARA DESVALORIZAÇÃO DE OUTROS VALORES E BENS,,1000000009,ativo_1000000009
Ativo,1,Ativo Realizável,1990000009,,Despesas Pagas Antecipadamente,,1000000009,ativo_1000000009
Ativo,1,Ativo Realizável,1991000008,,DESPESAS PAGAS ANTECIPADAMENTE,,1000000009,ativo_1000000009
Ativo,1,Ativo Realizável,1992000007,,PERDAS NO RECONHECIMENTO INICIAL A APROPRIAR,,1000000009,ativo_1000000009
Ativo,1,Ativo Permanente,2000000008,,Ativo Permanente,,2000000008,ativo_2000000008
Ativo,1,Ativo Permanente,2100000001,,INVESTIMENTOS,,2000000008,ativo_2000000008
Ativo,1,Ativo Permanente,2110000008,,Investimentos no Exterior,,2000000008,ativo_2000000008
Ativo,1,Ativo Permanente,2111000007,,DEPENDÊNCIAS NO EXTERIOR,,2000000008,ativo_2000000008
Ativo,1,Ativo Permanente,2112000006,,PARTICIPAÇÕES NO EXTERIOR AVALIADAS PELO MEP,,2000000008,ativo_2000000008
Ativo,1,Ativo Permanente,2119900006,,(-) PROVISÃO PARA PERDAS EM INVESTIMENTOS NO EXTERIOR,,2000000008,ativo_2000000008
Ativo,1,Ativo Permanente,2120000005,,"Participações em Coligadas, Controladas e Controladas em Conjunto no País",,2000000008,ativo_2000000008
Ativo,1,Ativo Permanente,2121000004,,"PARTICIPAÇÕES EM COLIGADAS, CONTROLADAS E CONTROLADAS EM CONJUNTO",,2000000008,ativo_2000000008
Ativo,1,Ativo Permanente,2129900003,,"(-) PROVISÃO PARA PERDAS EM SOCIEDADES COLIGADAS, CONTROLADAS E CONTROLADAS EM CONJUNTO",,2000000008,ativo_2000000008
Ativo,1,Ativo Permanente,2160000003,,Propriedades para Investimento,,2000000008,ativo_2000000008
Ativo,1,Ativo Permanente,2161000002,,MENSURADAS PELO MÉTODO DO VALOR JUSTO,,2000000008,ativo_2000000008
Ativo,1,Ativo Permanente,2162000001,,MENSURADAS PELO MÉTODO DO CUSTO,,2000000008,ativo_2000000008
Ativo,1,Ativo Permanente,2169500009,,(-) REDUÇÃO AO VALOR RECUPERÁVEL DE PROPRIEDADES PARA INVESTIMENTO AVALIADAS AO CUSTO,,2000000008,ativo_2000000008
Ativo,1,Ativo Permanente,2169900001,,(-) DEPRECIAÇÃO ACUMULADA DE PROPRIEDADES PARA INVESTIMENTO AVALIADAS AO CUSTO,,2000000008,ativo_2000000008
Ativo,1,Ativo Permanente,2200000004,,IMOBILIZADO DE USO,,2000000008,ativo_2000000008
Ativo,1,Ativo Permanente,2250000009,,Ativo Imobilizado de Uso,,2000000008,ativo_2000000008
Ativo,1,Ativo Permanente,2250500004,,IMOBILIZADO EM ESTOQUE,,2000000008,ativo_2000000008
Ativo,1,Ativo Permanente,2251000008,,IMOBILIZAÇÕES EM CURSO,,2000000008,ativo_2000000008
Ativo,1,Ativo Permanente,2252000007,,INSTALAÇÕES,,2000000008,ativo_2000000008
Ativo,1,Ativo Permanente,2253000006,,MÓVEIS E EQUIPAMENTOS,,2000000008,ativo_2000000008
Ativo,1,Ativo Permanente,2254000005,,VEÍCULOS,,2000000008,ativo_2000000008
Ativo,1,Ativo Permanente,2255000004,,BENFEITORIAS EM IMÓVEIS DE TERCEIROS,,2000000008,ativo_2000000008
Ativo,1,Ativo Permanente,2256000003,,IMÓVEIS,,2000000008,ativo_2000000008
Ativo,1,Ativo Permanente,2257000002,,OBRAS DE ARTE,,2000000008,ativo_2000000008
Ativo,1,Ativo Permanente,2258000001,,DIREITOS DE USO,,2000000008,ativo_2000000008
Ativo,1,Ativo Permanente,2259000000,,OUTROS IMOBILIZADOS DE USO,,2000000008,ativo_2000000008
Ativo,1,Ativo Permanente,2259500005,,(-) REDUÇÃO AO VALOR RECUPERÁVEL DE ATIVO IMOBILIZADO DE USO,,2000000008,ativo_2000000008
Ativo,1,Ativo Permanente,2259900007,,(-) DEPRECIAÇÃO ACUMULADA DE ATIVO IMOBILIZADO DE USO,,2000000008,ativo_2000000008
Ativo,1,Ativo Permanente,2300000007,,ATIVO DE ARRENDAMENTO,,2000000008,ativo_2000000008
Ativo,1,Ativo Permanente,2320000001,,Imobilizado,,2000000008,ativo_2000000008
Ativo,1,Ativo Permanente,2321000000,,BENS ARRENDADOS,,2000000008,ativo_2000000008
Ativo,1,Ativo Permanente,2500000003,,INTANGÍVEL,,2000000008,ativo_2000000008
Ativo,1,Ativo Permanente,2510000000,,Ativos Intangíveis,,2000000008,ativo_2000000008
Ativo,1,Ativo Permanente,2510500005,,DIREITOS RELATIVOS A CARTEIRAS DE CLIENTES,,2000000008,ativo_2000000008
Ativo,1,Ativo Permanente,2511500004,,SISTEMAS DE PROCESSAMENTO DE DADOS,,2000000008,ativo_2000000008
Ativo,1,Ativo Permanente,2512500003,,SISTEMAS DE COMUNICAÇÃO E DE SEGURANÇA,,2000000008,ativo_2000000008
Ativo,1,Ativo Permanente,2513000007,,MARCAS,,2000000008,ativo_2000000008
Ativo,1,Ativo Permanente,2513500002,,LICENÇAS E DIREITOS AUTORAIS E DE USO,,2000000008,ativo_2000000008
Ativo,1,Ativo Permanente,2514000006,,DIREITOS DE EXCLUSIVIDADE OU PREFERÊNCIA,,2000000008,ativo_2000000008
Ativo,1,Ativo Permanente,2514500001,,PATENTES,,2000000008,ativo_2000000008
Ativo,1,Ativo Permanente,2515000005,,DIREITOS DE USO,,2000000008,ativo_2000000008
Ativo,1,Ativo Permanente,2519000001,,OUTROS ATIVOS INTANGÍVEIS,,2000000008,ativo_2000000008
Ativo,1,Ativo Permanente,2519500006,,(-) REDUÇÃO AO VALOR RECUPERÁVEL DE ATIVOS INTANGÍVEIS,,2000000008,ativo_2000000008
Ativo,1,Ativo Permanente,2519900008,,(-) AMORTIZAÇÃO ACUMULADA DE ATIVOS INTANGÍVEIS,,2000000008,ativo_2000000008
Ativo,1,Ativo Permanente,2520000007,,Ágio na Aquisição de Investimento,,2000000008,ativo_2000000008
Ativo,1,Ativo Permanente,2521000006,,ÁGIO BASEADO EM EXPECTATIVA DE RENTABILIDADE FUTURA,,2000000008,ativo_2000000008
Ativo,1,Ativo Permanente,2529000008,,(-) AMORTIZAÇÃO ACUMULADA DE ÁGIO NA AQUISIÇÃO DE INVESTIMENTOS,,2000000008,ativo_2000000008
Ativo,1,Ativo Permanente,2529500003,,(-) REDUÇÃO AO VALOR RECUPERÁVEL DE ÁGIO NA AQUISIÇÃO DE INVESTIMENTOS,,2000000008,ativo_2000000008
Ativo,2,DEVEDORES DIVERSOS - EXTERIOR,1889200006,,DEVEDORES DIVERSOS - PAÍS,,1889000000,ativo_1889000000
Ativo,2,OUTROS IMOBILIZADOS DE USO,2259500005,,(-) REDUÇÃO AO VALOR RECUPERÁVEL DE ATIVO IMOBILIZADO DE USO,,2259000000,ativo_2259000000
Ativo,2,OUTROS IMOBILIZADOS DE USO,2259900007,,(-) DEPRECIAÇÃO ACUMULADA DE ATIVO IMOBILIZADO DE USO,,2259000000,ativo_2259000000
Ativo,2,Ativos Intangíveis,2510500005,,DIREITOS RELATIVOS A CARTEIRAS DE CLIENTES,,2510000000,ativo_2510000000
Ativo,2,Ativos Intangíveis,2511500004,,SISTEMAS DE PROCESSAMENTO DE DADOS,,2510000000,ativo_2510000000
Ativo,2,Ativos Intangíveis,2512500003,,SISTEMAS DE COMUNICAÇÃO E DE SEGURANÇA,,2510000000,ativo_2510000000
Ativo,2,Ativos Intangíveis,2513000007,,MARCAS,,2510000000,ativo_2510000000
Ativo,2,Ativos Intangíveis,2513500002,,LICENÇAS E DIREITOS AUTORAIS E DE USO,,2510000000,ativo_2510000000
Ativo,2,Ativos Intangíveis,2514000006,,DIREITOS DE EXCLUSIVIDADE OU PREFERÊNCIA,,2510000000,ativo_2510000000
Ativo,2,Ativos Intangíveis,2514500001,,PATENTES,,2510000000,ativo_2510000000
Ativo,2,Ativos Intangíveis,2515000005,,DIREITOS DE USO,,2510000000,ativo_2510000000
Ativo,2,Ativos Intangíveis,2519000001,,OUTROS ATIVOS INTANGÍVEIS,,2510000000,ativo_2510000000
Ativo,2,Ativos Intangíveis,2519500006,,(-) REDUÇÃO AO VALOR RECUPERÁVEL DE ATIVOS INTANGÍVEIS,,2510000000,ativo_2510000000
Ativo,2,Ativos Intangíveis,2519900008,,(-) AMORTIZAÇÃO ACUMULADA DE ATIVOS INTANGÍVEIS,,2510000000,ativo_2510000000
Ativo,3,DISPONIBILIDADES,1100000002,,DISPONIBILIDADES,,1100000002,ativo_1100000002
Ativo,3,Depósitos Bancários,1120000006,,Depósitos Bancários,,1120000006,ativo_1120000006
Ativo,3,DEPÓSITOS BANCÁRIOS DE INSTITUIÇÕES SEM CONTA RESERVA,1123000003,,DEPÓSITOS BANCÁRIOS DE INSTITUIÇÕES SEM CONTA RESERVA,,1123000003,ativo_1123000003
Ativo,3,APLICAÇÕES INTERFINANCEIRAS DE LIQUIDEZ,1200000005,,APLICAÇÕES INTERFINANCEIRAS DE LIQUIDEZ,,1200000005,ativo_1200000005
Ativo,3,Aplicações em Operações Compromissadas,1210000002,,Aplicações em Operações Compromissadas,,1210000002,ativo_1210000002
Ativo,3,REVENDAS A LIQUIDAR - POSIÇÃO BANCADA,1211000001,,REVENDAS A LIQUIDAR - POSIÇÃO BANCADA,,1211000001,ativo_1211000001
Ativo,3,TÍTULOS E VALORES MOBILIÁRIOS E INSTRUMENTOS FINANCEIROS DERIVATIVOS,1300000008,,TÍTULOS E VALORES MOBILIÁRIOS E INSTRUMENTOS FINANCEIROS DERIVATIVOS,,1300000008,ativo_1300000008
Ativo,3,Livres,1310000005,,Livres,,1310000005,ativo_1310000005
Ativo,3,TÍTULOS DE RENDA FIXA,1311000004,,TÍTULOS DE RENDA FIXA,,1311000004,ativo_1311000004
Ativo,3,COTAS DE FUNDOS DE INVESTIMENTO,1311500009,,COTAS DE FUNDOS DE INVESTIMENTO,,1311500009,ativo_1311500009
Ativo,3,RELAÇÕES INTERFINANCEIRAS,1400000001,,RELAÇÕES INTERFINANCEIRAS,,1400000001,ativo_1400000001
Ativo,3,OPERAÇÕES DE CRÉDITO,1600000007,,OPERAÇÕES DE CRÉDITO,,1600000007,ativo_1600000007
Ativo,3,Empréstimos e Direitos Creditórios Descontados,1610000004,,Empréstimos e Direitos Creditórios Descontados,,1610000004,ativo_1610000004
Ativo,3,EMPRÉSTIMOS,1612000002,,EMPRÉSTIMOS,,1612000002,ativo_1612000002
Ativo,3,OUTROS CRÉDITOS,1800000003,,OUTROS CRÉDITOS,,1800000003,ativo_1800000003
Ativo,3,Rendas a Receber,1830000004,,Rendas a Receber,,1830000004,ativo_1830000004
Ativo,3,Diversos,1880000009,,Diversos,,1880000009,ativo_1880000009
Ativo,3,ADIANTAMENTOS E ANTECIPAÇÕES SALARIAIS,1880300008,,ADIANTAMENTOS E ANTECIPAÇÕES SALARIAIS,,1880300008,ativo_1880300008
Ativo,3,ADIANTAMENTOS PARA PAGAMENTOS POR CONTA DA INSTITUIÇÃO,1880500004,,ADIANTAMENTOS PARA PAGAMENTOS POR CONTA DA INSTITUIÇÃO,,1880500004,ativo_1880500004
Ativo,3,ATIVOS FISCAIS DIFERIDOS DE IMPOSTOS E CONTRIBUIÇÕES,1882500002,,ATIVOS FISCAIS DIFERIDOS DE IMPOSTOS E CONTRIBUIÇÕES,,1882500002,ativo_1882500002
Ativo,3,DEVEDORES POR DEPÓSITOS EM GARANTIA,1884000005,,DEVEDORES POR DEPÓSITOS EM GARANTIA,,1884000005,ativo_1884000005
Ativo,3,DEVEDORES DIVERSOS - PAÍS,1889200006,,DEVEDORES DIVERSOS - PAÍS,,1889200006,ativo_1889200006
Ativo,3,(-) Provisões para Outros Créditos,1890000006,,(-) Provisões para Outros Créditos,,1890000006,ativo_1890000006
Ativo,3,OUTROS VALORES E BENS,1900000006,,OUTROS VALORES E BENS,,1900000006,ativo_1900000006
Ativo,3,Despesas Pagas Antecipadamente,1990000009,,Despesas Pagas Antecipadamente,,1990000009,ativo_1990000009
Ativo,3,DESPESAS PAGAS ANTECIPADAMENTE,1991000008,,DESPESAS PAGAS ANTECIPADAMENTE,,1991000008,ativo_1991000008
Ativo,3,IMOBILIZADO DE USO,2200000004,,IMOBILIZADO DE USO,,2200000004,ativo_2200000004
Ativo,3,Ativo Imobilizado de Uso,2250000009,,Ativo Imobilizado de Uso,,2250000009,ativo_2250000009
Ativo,3,MÓVEIS E EQUIPAMENTOS,2253000006,,MÓVEIS E EQUIPAMENTOS,,2253000006,ativo_2253000006
Ativo,3,(-) DEPRECIAÇÃO ACUMULADA DE ATIVO IMOBILIZADO DE USO,2259900007,,(-) DEPRECIAÇÃO ACUMULADA DE ATIVO IMOBILIZADO DE USO,,2259900007,ativo_2259900007
Ativo,3,INTANGÍVEL,2500000003,,INTANGÍVEL,,2500000003,ativo_2500000003
Ativo,3,SISTEMAS DE PROCESSAMENTO DE DADOS,2511500004,,SISTEMAS DE PROCESSAMENTO DE DADOS,,2511500004,ativo_2511500004
Ativo,3,(-) AMORTIZAÇÃO ACUMULADA DE ATIVOS INTANGÍVEIS,2519900008,,(-) AMORTIZAÇÃO ACUMULADA DE ATIVOS INTANGÍVEIS,,2519900008,ativo_2519900008
Passivo,1,Passivo Exigível,4000000006,,Passivo Exigível,,4000000006,passivo_4000000006
Passivo,1,Passivo Exigível,4100000009,,DEPÓSITOS,,4000000006,passivo_4000000006
Passivo,1,Passivo Exigível,4110000006,,Depósitos à Vista,,4000000006,passivo_4000000006
Passivo,1,Passivo Exigível,4110500001,,DEPÓSITOS À VISTA DE LIGADAS,,4000000006,passivo_4000000006
Passivo,1,Passivo Exigível,4111000005,,DEPÓSITOS DE PESSOAS NATURAIS,,4000000006,passivo_4000000006
Passivo,1,Passivo Exigível,4112000004,,DEPÓSITOS DE PESSOAS JURÍDICAS,,4000000006,passivo_4000000006
Passivo,1,Passivo Exigível,4113000003,,DEPÓSITOS DE INSTITUIÇÕES DO SISTEMA FINANCEIRO,,4000000006,passivo_4000000006
Passivo,1,Passivo Exigível,4114000002,,DEPÓSITOS DE GOVERNOS,,4000000006,passivo_4000000006
Passivo,1,Passivo Exigível,4116000000,,DEPÓSITOS DE DOMICILIADOS NO EXTERIOR,,4000000006,passivo_4000000006
Passivo,1,Passivo Exigível,4116500005,,DEPÓSITOS ESPECIAIS DO TESOURO NACIONAL,,4000000006,passivo_4000000006
Passivo,1,Passivo Exigível,4117500004,,DEPÓSITOS OBRIGATÓRIOS,,4000000006,passivo_4000000006
Passivo,1,Passivo Exigível,4117700000,,DEPÓSITOS OBRIGATÓRIOS DE LIGADAS,,4000000006,passivo_4000000006
Passivo,1,Passivo Exigível,4118000008,,DEPÓSITOS PARA INVESTIMENTOS DECORRENTES DE INCENTIVOS FISCAIS,,4000000006,passivo_4000000006
Passivo,1,Passivo Exigível,4118500003,,DEPÓSITOS VINCULADOS,,4000000006,passivo_4000000006
Passivo,1,Passivo Exigível,4119000007,,SALDOS CREDORES EM CONTAS DE EMPRÉSTIMOS E FINANCIAMENTOS,,4000000006,passivo_4000000006
Passivo,1,Passivo Exigível,4119800001,,CONTAS ENCERRADAS,,4000000006,passivo_4000000006
Passivo,1,Passivo Exigível,4120000003,,Depósitos de Poupança,,4000000006,passivo_4000000006
Passivo,1,Passivo Exigível,4121000002,,DEPÓSITOS DE POUPANÇA LIVRES - PESSOAS NATURAIS,,4000000006,passivo_4000000006
Passivo,1,Passivo Exigível,4122000001,,DEPÓSITOS DE POUPANÇA LIVRES - PESSOAS JURÍDICAS,,4000000006,passivo_4000000006
Passivo,1,Passivo Exigível,4122500006,,DEPÓSITOS DE POUPANÇA DE LIGADAS,,4000000006,passivo_4000000006
Passivo,1,Passivo Exigível,4122700002,,DEPÓSITOS DE POUPANÇA RURAL,,4000000006,passivo_4000000006
Passivo,1,Passivo Exigível,4129500009,,OUTROS DEPÓSITOS DE POUPANÇA,,4000000006,passivo_4000000006
Passivo,1,Passivo Exigível,4129800008,,CONTAS ENCERRADAS,,4000000006,passivo_4000000006
Passivo,1,Passivo Exigível,4130000000,,Depósitos Interfinanceiros,,4000000006,passivo_4000000006
Passivo,1,Passivo Exigível,4131000009,,DEPÓSITOS INTERFINANCEIROS,,4000000006,passivo_4000000006
Passivo,1,Passivo Exigível,4139900008,,(+/-) AJUSTE DE HEDGE DE VALOR JUSTO,,4000000006,passivo_4000000006
Passivo,1,Passivo Exigível,4140000007,,Depósitos sob Aviso,,4000000006,passivo_4000000006
Passivo,1,Passivo Exigível,4142000005,,DEPÓSITOS DE AVISO PRÉVIO EM MOEDAS ESTRANGEIRAS,,4000000006,passivo_4000000006
Passivo,1,Passivo Exigível,4150000004,,Depósitos a Prazo,,4000000006,passivo_4000000006
Passivo,1,Passivo Exigível,4151000003,,DEPÓSITOS A PRAZO,,4000000006,passivo_4000000006
Passivo,1,Passivo Exigível,4152000002,,DEPÓSITOS A PRAZO EM MOEDAS ESTRANGEIRAS,,4000000006,passivo_4000000006
Passivo,1,Passivo Exigível,4155000009,,DEPÓSITOS JUDICIAIS E ADMINISTRATIVOS MANTIDOS NA INSTITUIÇÃO,,4000000006,passivo_4000000006
Passivo,1,Passivo Exigível,4159900002,,(+/-) AJUSTE DE HEDGE DE VALOR JUSTO,,4000000006,passivo_4000000006
Passivo,1,Passivo Exigível,4160000001,,Obrigações por Depósitos Especiais e de Fundos e Programas,,4000000006,passivo_4000000006
Passivo,1,Passivo Exigível,4161000000,,DEPÓSITOS ESPECIAIS COM REMUNERAÇÃO,,4000000006,passivo_4000000006
Passivo,1,Passivo Exigível,4161500005,,DEPÓSITOS DE PAGAMENTOS POR CONSIGNAÇÃO - EXTRAJUDICIAL,,4000000006,passivo_4000000006
Passivo,1,Passivo Exigível,4162000009,,DEPÓSITOS DE FUNDOS E PROGRAMAS COM REMUNERAÇÃO,,4000000006,passivo_4000000006
Passivo,1,Passivo Exigível,4163000008,,DEPÓSITOS DO FGTS,,4000000006,passivo_4000000006
Passivo,1,Passivo Exigível,4180000005,,Depósitos em Moedas Estrangeiras,,4000000006,passivo_4000000006
Passivo,1,Passivo Exigível,4181000004,,DEPÓSITOS EM MOEDAS ESTRANGEIRAS NO PAÍS,,4000000006,passivo_4000000006
Passivo,1,Passivo Exigível,4190000002,,Outros Depósitos,,4000000006,passivo_4000000006
Passivo,1,Passivo Exigível,4192000000,,DEPÓSITOS PARA LIQUIDAÇÃO DE AJUSTES E DE POSIÇÕES EM SISTEMAS DE COMPENSAÇÃO E DE LIQUIDAÇÃO,,4000000006,passivo_4000000006
Passivo,1,Passivo Exigível,4192500005,,RECURSOS DISPONÍVEIS DE CLIENTES,,4000000006,passivo_4000000006
Passivo,1,Passivo Exigível,4193000009,,CONTA DE PAGAMENTO PRÉ-PAGA,,4000000006,passivo_4000000006
Passivo,1,Passivo Exigível,4195000007,,ORDENS DE PAGAMENTO EM MOEDA NACIONAL,,4000000006,passivo_4000000006
Passivo,1,Passivo Exigível,4200000002,,OBRIGAÇÕES POR OPERAÇÕES COMPROMISSADAS,,4000000006,passivo_4000000006
Passivo,1,Passivo Exigível,4210000009,,Carteira Própria,,4000000006,passivo_4000000006
Passivo,1,Passivo Exigível,4211000008,,RECOMPRAS A LIQUIDAR - CARTEIRA PROPRIA,,4000000006,passivo_4000000006
Passivo,1,Passivo Exigível,4220000006,,Carteira de Terceiros,,4000000006,passivo_4000000006
Passivo,1,Passivo Exigível,4222000004,,RECOMPRAS A LIQUIDAR - CARTEIRA DE TERCEIROS,,4000000006,passivo_4000000006
Passivo,1,Passivo Exigível,4230000003,,Obrigações por Venda de Títulos de Livre Movimentação,,4000000006,passivo_4000000006
Passivo,1,Passivo Exigível,4234000009,,RECOMPRAS A LIQUIDAR - VENDA DE TÍTULOS DE TERCEIROS DE LIVRE MOVIMENTAÇÃO,,4000000006,passivo_4000000006
Passivo,1,Passivo Exigível,4300000005,,OUTROS INSTRUMENTOS DE DÍVIDA,,4000000006,passivo_4000000006
Passivo,1,Passivo Exigível,4310000002,,Recursos de Aceites Cambiais,,4000000006,passivo_4000000006
Passivo,1,Passivo Exigível,4311000001,,OBRIGAÇÕES POR ACEITES DE TÍTULOS CAMBIAIS,,4000000006,passivo_4000000006
Passivo,1,Passivo Exigível,4320000009,,Recursos por Emissões de Letras,,4000000006,passivo_4000000006
Passivo,1,Passivo Exigível,4320500004,,OBRIGAÇÕES POR EMISSÃO DE LETRAS IMOBILIÁRIAS GARANTIDAS,,4000000006,passivo_4000000006
Passivo,1,Passivo Exigível,4322500002,,OBRIGAÇÕES POR EMISSÃO DE LETRAS HIPOTECÁRIAS,,4000000006,passivo_4000000006
Passivo,1,Passivo Exigível,4323500001,,OBRIGAÇÕES POR EMISSÃO DE LETRAS DE CRÉDITO IMOBILIÁRIO,,4000000006,passivo_4000000006
Passivo,1,Passivo Exigível,4324000005,,OBRIGAÇÕES POR EMISSÃO DE LETRAS DE CRÉDITO DO AGRONEGÓCIO,,4000000006,passivo_4000000006
Passivo,1,Passivo Exigível,4325000004,,OBRIGAÇÕES POR EMISSÃO DE LETRAS FINANCEIRAS,,4000000006,passivo_4000000006
Passivo,1,Passivo Exigível,4326000003,,LETRAS DE CRÉDITO DE DESENVOLVIMENTO,,4000000006,passivo_4000000006
Passivo,1,Passivo Exigível,4329300009,,OUTRAS,,4000000006,passivo_4000000006
Passivo,1,Passivo Exigível,4329900007,,(+/-) AJUSTE DE HEDGE DE VALOR JUSTO,,4000000006,passivo_4000000006
Passivo,1,Passivo Exigível,4340000003,,Recursos de Debêntures,,4000000006,passivo_4000000006
Passivo,1,Passivo Exigível,4341000002,,OBRIGAÇÕES POR EMISSÃO DE DEBÊNTURES,,4000000006,passivo_4000000006
Passivo,1,Passivo Exigível,4350000000,,Obrigações por Títulos e Valores Mobiliários no Exterior,,4000000006,passivo_4000000006
Passivo,1,Passivo Exigível,4351000009,,OBRIGAÇÕES POR TÍTULOS E VALORES MOBILIÁRIOS NO EXTERIOR,,4000000006,passivo_4000000006
Passivo,1,Passivo Exigível,4359900008,,(+/-) AJUSTE DE HEDGE DE VALOR JUSTO,,4000000006,passivo_4000000006
Passivo,1,Passivo Exigível,4370000004,,Captação por Certificados de Operações Estruturadas,,4000000006,passivo_4000000006
Passivo,1,Passivo Exigível,4371300002,,CAPTAÇÃO POR CERTIFICADOS DE OPERAÇÕES ESTRUTURADAS,,4000000006,passivo_4000000006
Passivo,1,Passivo Exigível,4379900002,,(+/-) AJUSTE DE HEDGE DE VALOR JUSTO,,4000000006,passivo_4000000006
Passivo,1,Passivo Exigível,4390000008,,Instrumentos de Dívida com Cláusulas de Subordinação,,4000000006,passivo_4000000006
Passivo,1,Passivo Exigível,4391000007,,TÍTULOS DE DÍVIDA ELEGÍVEIS A CAPITAL,,4000000006,passivo_4000000006
Passivo,1,Passivo Exigível,4392000006,,DÍVIDAS SUBORDINADAS ELEGÍVEIS A CAPITAL,,4000000006,passivo_4000000006
Passivo,1,Passivo Exigível,4396000002,,TÍTULOS DE DÍVIDA NÃO ELEGÍVEIS A CAPITAL,,4000000006,passivo_4000000006
Passivo,1,Passivo Exigível,4397000001,,DÍVIDAS SUBORDINADAS NÃO ELEGÍVEIS A CAPITAL,,4000000006,passivo_4000000006
Passivo,1,Passivo Exigível,4399900006,,(+/-) AJUSTE DE HEDGE DE VALOR JUSTO,,4000000006,passivo_4000000006
Passivo,1,Passivo Exigível,4400000008,,RELAÇÕES INTERFINANCEIRAS,,4000000006,passivo_4000000006
Passivo,1,Passivo Exigível,4410000005,,Obrigações junto a Participantes de Sistema de Liquidação e de Arranjo de Pagamento,,4000000006,passivo_4000000006
Passivo,1,Passivo Exigível,4411000004,,CHEQUES E OUTROS PAPÉIS RECEBIDOS,,4000000006,passivo_4000000006
Passivo,1,Passivo Exigível,4412000003,,RECEBIMENTOS A DEVOLVER,,4000000006,passivo_4000000006
Passivo,1,Passivo Exigível,4413000002,,RECEBIMENTOS REMETIDOS,,4000000006,passivo_4000000006
Passivo,1,Passivo Exigível,4415000000,,RECEBIMENTOS REMETIDOS A REGULARIZAR,,4000000006,passivo_4000000006
Passivo,1,Passivo Exigível,4416000009,,TRANSAÇÕES DE PAGAMENTO,,4000000006,passivo_4000000006
Passivo,1,Passivo Exigível,4416500004,,OBRIGAÇÕES COM TRANSAÇÕES DE PAGAMENTOS INSTANTÂNEOS,,4000000006,passivo_4000000006
Passivo,1,Passivo Exigível,4420000002,,Obrigações Vinculadas,,4000000006,passivo_4000000006
Passivo,1,Passivo Exigível,4421000001,,REDESCONTO DO BANCO CENTRAL - COMPRA COM COMPROMISSO DE REVENDA - TÍTULOS PÚBLICOS FEDERAIS,,4000000006,passivo_4000000006
Passivo,1,Passivo Exigível,4430000009,,Repasses Interfinanceiros,,4000000006,passivo_4000000006
Passivo,1,Passivo Exigível,4431000008,,OBRIGAÇÕES POR REPASSES INTERFINANCEIROS,,4000000006,passivo_4000000006
Passivo,1,Passivo Exigível,4440000006,,Relações com Correspondentes,,4000000006,passivo_4000000006
Passivo,1,Passivo Exigível,4443000003,,CORRESPONDENTES NO PAÍS,,4000000006,passivo_4000000006
Passivo,1,Passivo Exigível,4450000003,,Recursos Recebidos de Cooperativas Filiadas,,4000000006,passivo_4000000006
Passivo,1,Passivo Exigível,4451500007,,RECURSOS RECEBIDOS - DEPÓSITOS DE POUPANÇA LIVRES PESSOAS NATURAIS,,4000000006,passivo_4000000006
Passivo,1,Passivo Exigível,4452700002,,RECURSOS RECEBIDOS - DEPÓSITOS DE POUPANÇA RURAL,,4000000006,passivo_4000000006
Passivo,1,Passivo Exigível,4500000001,,RELAÇÕES INTERDEPENDÊNCIAS,,4000000006,passivo_4000000006
Passivo,1,Passivo Exigível,4520000005,,Transferências Internas de Recursos,,4000000006,passivo_4000000006
Passivo,1,Passivo Exigível,4521000004,,CHEQUES E DOCUMENTOS A LIQUIDAR,,4000000006,passivo_4000000006
Passivo,1,Passivo Exigível,4600000004,,OBRIGAÇÕES POR EMPRÉSTIMOS E REPASSES,,4000000006,passivo_4000000006
Passivo,1,Passivo Exigível,4610000001,,Empréstimos no País - Instituições Oficiais,,4000000006,passivo_4000000006
Passivo,1,Passivo Exigível,4615000006,,SFH - CONTA EMPRÉSTIMOS,,4000000006,passivo_4000000006
Passivo,1,Passivo Exigível,4618000003,,OBRIGAÇÕES POR AQUISIÇÃO DE TÍTULOS FEDERAIS,,4000000006,passivo_4000000006
Passivo,1,Passivo Exigível,4620000008,,Empréstimos no País - Outras Instituições,,4000000006,passivo_4000000006
Passivo,1,Passivo Exigível,4621000007,,OBRIGAÇÕES POR EMPRÉSTIMOS NO PAÍS,,4000000006,passivo_4000000006
Passivo,1,Passivo Exigível,4629900006,,(+/-) AJUSTE DE HEDGE DE VALOR JUSTO,,4000000006,passivo_4000000006
Passivo,1,Passivo Exigível,4630000005,,Empréstimos no Exterior,,4000000006,passivo_4000000006
Passivo,1,Passivo Exigível,4631000004,,OBRIGAÇÕES EM MOEDAS ESTRANGEIRAS,,4000000006,passivo_4000000006
Passivo,1,Passivo Exigível,4633000002,,OBRIGAÇÕES POR EMPRÉSTIMOS NO EXTERIOR,,4000000006,passivo_4000000006
Passivo,1,Passivo Exigível,4639900003,,(+/-) AJUSTE DE HEDGE DE VALOR JUSTO,,4000000006,passivo_4000000006
Passivo,1,Passivo Exigível,4640000002,,Repasses do País - Instituições Oficiais,,4000000006,passivo_4000000006
Passivo,1,Passivo Exigível,4641000001,,OBRIGAÇÕES POR REPASSES - TESOURO NACIONAL,,4000000006,passivo_4000000006
Passivo,1,Passivo Exigível,4642000000,,OBRIGAÇÕES POR REPASSES - BANCO DO BRASIL,,4000000006,passivo_4000000006
Passivo,1,Passivo Exigível,4643000009,,OBRIGAÇÕES POR REPASSES - BNDES,,4000000006,passivo_4000000006
Passivo,1,Passivo Exigível,4644000008,,OBRIGAÇÕES POR REPASSES - CEF,,4000000006,passivo_4000000006
Passivo,1,Passivo Exigível,4645000007,,OBRIGAÇÕES POR REPASSES - FINAME,,4000000006,passivo_4000000006
Passivo,1,Passivo Exigível,4646000006,,OBRIGAÇÕES POR REPASSES - FINEP,,4000000006,passivo_4000000006
Passivo,1,Passivo Exigível,4649000003,,OBRIGAÇÕES POR REPASSES - OUTRAS INSTITUIÇÕES OFICIAIS,,4000000006,passivo_4000000006
Passivo,1,Passivo Exigível,4660000006,,Repasses do Exterior,,4000000006,passivo_4000000006
Passivo,1,Passivo Exigível,4661000005,,OBRIGAÇÕES POR REPASSES DO EXTERIOR,,4000000006,passivo_4000000006
Passivo,1,Passivo Exigível,4669900004,,(+/-) AJUSTE DE HEDGE DE VALOR JUSTO,,4000000006,passivo_4000000006
Passivo,1,Passivo Exigível,4680000000,,Arrendamento,,4000000006,passivo_4000000006
Passivo,1,Passivo Exigível,4685000005,,ARRENDATÁRIO,,4000000006,passivo_4000000006
Passivo,1,Passivo Exigível,4700000007,,INSTRUMENTOS FINANCEIROS DERIVATIVOS,,4000000006,passivo_4000000006
Passivo,1,Passivo Exigível,4710000004,,Instrumentos Financeiros Derivativos,,4000000006,passivo_4000000006
Passivo,1,Passivo Exigível,4710100007,,CONTRATOS DE CÂMBIO - COMPRA DE MOEDA ESTRANGEIRA,,4000000006,passivo_4000000006
Passivo,1,Passivo Exigível,4710200000,,CONTRATOS DE CÂMBIO - VENDA DE MOEDA ESTRANGEIRA,,4000000006,passivo_4000000006
Passivo,1,Passivo Exigível,4710500009,,INSTRUMENTOS FINANCEIROS DERIVATIVOS - HEDGE DE CARTEIRA DE ATIVOS - LIG,,4000000006,passivo_4000000006
Passivo,1,Passivo Exigível,4711000003,,OPERAÇÕES DE SWAP,,4000000006,passivo_4000000006
Passivo,1,Passivo Exigível,4713000001,,COMPRAS A TERMO A PAGAR,,4000000006,passivo_4000000006
Passivo,1,Passivo Exigível,4714000000,,VENDAS A TERMO A ENTREGAR,,4000000006,passivo_4000000006
Passivo,1,Passivo Exigível,4715000009,,MERCADOS FUTUROS - AJUSTES DIARIOS A PAGAR,,4000000006,passivo_4000000006
Passivo,1,Passivo Exigível,4716000008,,PRÊMIOS DE OPÇÕES LANÇADAS - AÇÕES,,4000000006,passivo_4000000006
Passivo,1,Passivo Exigível,4717000007,,"PRÊMIOS DE OPCOES LANÇADAS - OUTROS ATIVOS, EXCETO AÇÕES",,4000000006,passivo_4000000006
Passivo,1,Passivo Exigível,4718000006,,DERIVATIVOS DE CRÉDITO,,4000000006,passivo_4000000006
Passivo,1,Passivo Exigível,4718500001,,OUTROS INSTRUMENTOS FINANCEIROS DERIVATIVOS,,4000000006,passivo_4000000006
Passivo,1,Passivo Exigível,4800000000,,PROVISÕES E OUTRAS OBRIGAÇÕES COM INSTRUMENTOS FINANCEIROS,,4000000006,passivo_4000000006
Passivo,1,Passivo Exigível,4810000007,,Compromissos de Crédito e Créditos a Liberar,,4000000006,passivo_4000000006
Passivo,1,Passivo Exigível,4811000006,,PROVISÃO PARA PERDAS ESPERADAS COM COMPROMISSOS DE CRÉDITO,,4000000006,passivo_4000000006
Passivo,1,Passivo Exigível,4812000005,,PROVISÃO PARA PERDAS ESPERADAS COM CRÉDITOS A LIBERAR,,4000000006,passivo_4000000006
Passivo,1,Passivo Exigível,4830000001,,Garantias Financeiras Prestadas,,4000000006,passivo_4000000006
Passivo,1,Passivo Exigível,4831000000,,RECEITAS A APROPRIAR - PRÊMIOS RECEBIDOS POR GARANTIAS FINANCEIRAS PRESTADAS,,4000000006,passivo_4000000006
Passivo,1,Passivo Exigível,4832000009,,PROVISÃO PARA PERDAS ESPERADAS COM GARANTIAS FINANCEIRAS PRESTADAS,,4000000006,passivo_4000000006
Passivo,1,Passivo Exigível,4850000005,,Operações de Arrendamento Operacional,,4000000006,passivo_4000000006
Passivo,1,Passivo Exigível,4851000004,,PROVISÃO PARA PERDAS ESPERADAS ASSOCIADAS A RISCO DE CRÉDITO,,4000000006,passivo_4000000006
Passivo,1,Passivo Exigível,4880000006,,Obrigações por Empréstimos de Instrumentos Financeiros,,4000000006,passivo_4000000006
Passivo,1,Passivo Exigível,4881000005,,VALORES A PAGAR DE EMPRÉSTIMOS DE INSTRUMENTOS FINANCEIROS,,4000000006,passivo_4000000006
Passivo,1,Passivo Exigível,4885000001,,OBRIGAÇÕES POR VENDA DE INSTRUMENTOS FINANCEIROS DE TERCEIROS EMPRESTADOS,,4000000006,passivo_4000000006
Passivo,1,Passivo Exigível,4900000003,,OUTRAS OBRIGAÇÕES,,4000000006,passivo_4000000006
Passivo,1,Passivo Exigível,4910000000,,Cobrança e Arrecadação de Tributos e Assemelhados,,4000000006,passivo_4000000006
Passivo,1,Passivo Exigível,4911000009,,IOF A RECOLHER,,4000000006,passivo_4000000006
Passivo,1,Passivo Exigível,4912500003,,RECURSOS DO PROAGRO,,4000000006,passivo_4000000006
Passivo,1,Passivo Exigível,4913000007,,RECEBIMENTOS DE CONTRIBUIÇÃO SINDICAL,,4000000006,passivo_4000000006
Passivo,1,Passivo Exigível,4913500002,,RECEBIMENTOS DE CONTRIBUIÇÕES PREVIDENCIÁRIAS,,4000000006,passivo_4000000006
Passivo,1,Passivo Exigível,4914000006,,RECEBIMENTOS DE TRIBUTOS ESTADUAIS E MUNICIPAIS,,4000000006,passivo_4000000006
Passivo,1,Passivo Exigível,4915000005,,RECEBIMENTOS DE TRIBUTOS FEDERAIS,,4000000006,passivo_4000000006
Passivo,1,Passivo Exigível,4916000004,,RECEBIMENTOS DO FGTS,,4000000006,passivo_4000000006
Passivo,1,Passivo Exigível,4930000004,,Sociais e Estatutárias,,4000000006,passivo_4000000006
Passivo,1,Passivo Exigível,4931000003,,REMUNERAÇÃO DO CAPITAL A PAGAR,,4000000006,passivo_4000000006
Passivo,1,Passivo Exigível,4931500008,,PROVISÃO PARA PARTICIPAÇÕES NOS LUCROS,,4000000006,passivo_4000000006
Passivo,1,Passivo Exigível,4933000001,,GRATIFICAÇÕES E PARTICIPAÇÕES A PAGAR,,4000000006,passivo_4000000006
Passivo,1,Passivo Exigível,4935500004,,DEPÓSITO PARA GARANTIA DE PATRIMÔNIO LÍQUIDO EXIGIDO,,4000000006,passivo_4000000006
Passivo,1,Passivo Exigível,4940000001,,Fiscais e Previdenciárias,,4000000006,passivo_4000000006
Passivo,1,Passivo Exigível,4941000000,,IMPOSTOS E CONTRIBUIÇÕES SOBRE LUCROS A PAGAR,,4000000006,passivo_4000000006
Passivo,1,Passivo Exigível,4941500005,,PROVISÃO P/IMPOSTOS E CONTRIBUIÇÕES SOBRE LUCROS,,4000000006,passivo_4000000006
Passivo,1,Passivo Exigível,4942000009,,IMPOSTOS E CONTRIBUIÇÕES A RECOLHER,,4000000006,passivo_4000000006
Passivo,1,Passivo Exigível,4943000008,,PROVISÃO PARA IMPOSTOS E CONTRIBUIÇÕES DIFERIDOS,,4000000006,passivo_4000000006
Passivo,1,Passivo Exigível,4950000008,,Negociação e Intermediação de Valores,,4000000006,passivo_4000000006
Passivo,1,Passivo Exigível,4950500003,,AQUISIÇÃO E SUBSCRIÇÃO DE TÍTULOS DECORRENTES DE LANÇAMENTO,,4000000006,passivo_4000000006
Passivo,1,Passivo Exigível,4951000007,,CAIXAS DE REGISTRO E LIQUIDAÇÃO,,4000000006,passivo_4000000006
Passivo,1,Passivo Exigível,4951500002,,COMISSÕES E CORRETAGENS A PAGAR,,4000000006,passivo_4000000006
Passivo,1,Passivo Exigível,4952100009,,COTAS A EMITIR,,4000000006,passivo_4000000006
Passivo,1,Passivo Exigível,4952400008,,COTAS A RESGATAR,,4000000006,passivo_4000000006
Passivo,1,Passivo Exigível,4953000005,,CREDORES CONTA LIQUIDAÇÕES PENDENTES,,4000000006,passivo_4000000006
Passivo,1,Passivo Exigível,4953300004,,APLICAÇÕES INTERFINANCEIRAS DE TERCEIROS A LIQUIDAR,,4000000006,passivo_4000000006
Passivo,1,Passivo Exigível,4954000004,,OPERAÇÕES COM ATIVOS FINANCEIROS E MERCADORIAS A LIQUIDAR,,4000000006,passivo_4000000006
Passivo,1,Passivo Exigível,4959000009,,OUTRAS OBRIGAÇÕES POR NEGOCIAÇÃO E INTERMEDIAÇÃO DE VALORES,,4000000006,passivo_4000000006
Passivo,1,Passivo Exigível,4960000005,,Recursos para Destinação Específica,,4000000006,passivo_4000000006
Passivo,1,Passivo Exigível,4961000004,,OBRIGAÇÕES DE OPERAÇÕES COM LOTERIAS,,4000000006,passivo_4000000006
Passivo,1,Passivo Exigível,4963000002,,OBRIGAÇÕES POR FUNDOS E PROGRAMAS SOCIAIS,,4000000006,passivo_4000000006
Passivo,1,Passivo Exigível,4965000000,,OBRIGAÇÕES POR FUNDOS FINANCEIROS E DE DESENVOLVIMENTO,,4000000006,passivo_4000000006
Passivo,1,Passivo Exigível,4970000002,,Operações Especiais,,4000000006,passivo_4000000006
Passivo,1,Passivo Exigível,4974500003,,FUNDO DE INVESTIMENTOS SETORIAIS,,4000000006,passivo_4000000006
Passivo,1,Passivo Exigível,4980000009,,Obrigações Diversas,,4000000006,passivo_4000000006
Passivo,1,Passivo Exigível,4981300007,,TAXA DE ADMINISTRAÇÃO ANTECIPADA,,4000000006,passivo_4000000006
Passivo,1,Passivo Exigível,4981500003,,ATIVOS NÃO FINANCEIROS A ENTREGAR DECORRENTES DE ADIANTAMENTOS RECEBIDOS,,4000000006,passivo_4000000006
Passivo,1,Passivo Exigível,4982000007,,OBRIGAÇÕES EM MOEDA ESTRANGEIRA,,4000000006,passivo_4000000006
Passivo,1,Passivo Exigível,4985500009,,OBRIGAÇÕES VINCULADAS AO TESOURO NACIONAL,,4000000006,passivo_4000000006
Passivo,1,Passivo Exigível,4988600009,,VALORES A REPASSAR,,4000000006,passivo_4000000006
Passivo,1,Passivo Exigível,4989300009,,OBRIGAÇÕES POR RECURSOS DE CONSORCIADOS GRUPOS ENCERRADOS - RECURSOS NÃO PROCURADOS,,4000000006,passivo_4000000006
Passivo,1,Passivo Exigível,4989700001,,OBRIGAÇÕES POR ADIANTAMENTOS A TERCEIROS,,4000000006,passivo_4000000006
Passivo,1,Passivo Exigível,4990000006,,Diversas,,4000000006,passivo_4000000006
Passivo,1,Passivo Exigível,4990100009,,OBRIGAÇÕES POR TRANSAÇÕES DE PAGAMENTO,,4000000006,passivo_4000000006
Passivo,1,Passivo Exigível,4990200002,,OBRIGAÇÕES POR DEVOLUÇÃO DE TARIFAS,,4000000006,passivo_4000000006
Passivo,1,Passivo Exigível,4990300005,,OBRIGAÇÕES POR SERVIÇOS DE INSTITUIDORES DE ARRANJO,,4000000006,passivo_4000000006
Passivo,1,Passivo Exigível,4990400008,,OBRIGAÇÕES POR EMPRÉSTIMOS E FINANCIAMENTOS ENTRE PESSOAS,,4000000006,passivo_4000000006
Passivo,1,Passivo Exigível,4990500001,,CHEQUES ADMINISTRATIVOS,,4000000006,passivo_4000000006
Passivo,1,Passivo Exigível,4990600004,,VALORES A DEVOLVER A CLIENTES,,4000000006,passivo_4000000006
Passivo,1,Passivo Exigível,4990800000,,VALORES A PAGAR EM MOEDA ESTRANGEIRA,,4000000006,passivo_4000000006
Passivo,1,Passivo Exigível,4991000005,,CREDORES POR RECURSOS A LIBERAR,,4000000006,passivo_4000000006
Passivo,1,Passivo Exigível,4991200001,,CONTRATOS DE ASSUNÇÃO DE OBRIGAÇÕES,,4000000006,passivo_4000000006
Passivo,1,Passivo Exigível,4991500000,,ADIANTAMENTOS PARA FUTURO AUMENTO DE CAPITAL,,4000000006,passivo_4000000006
Passivo,1,Passivo Exigível,4991700006,,OBRIGAÇÕES POR OPERAÇÕES VINCULADAS A CESSÃO,,4000000006,passivo_4000000006
Passivo,1,Passivo Exigível,4992000004,,OBRIGAÇÕES POR AQUISIÇÃO DE BENS E DIREITOS,,4000000006,passivo_4000000006
Passivo,1,Passivo Exigível,4992300003,,OBRIGAÇÕES POR CONTRIBUIÇÕES AO SFH,,4000000006,passivo_4000000006
Passivo,1,Passivo Exigível,4992500009,,OBRIGAÇÕES POR CONVÊNIOS OFICIAIS,,4000000006,passivo_4000000006
Passivo,1,Passivo Exigível,4992700005,,OBRIGAÇÕES DE PAGAMENTO EM NOME DE TERCEIROS,,4000000006,passivo_4000000006
Passivo,1,Passivo Exigível,4993000003,,PROVISÃO PARA PAGAMENTOS A EFETUAR,,4000000006,passivo_4000000006
Passivo,1,Passivo Exigível,4993500008,,PROVISÃO PARA CONTINGÊNCIAS,,4000000006,passivo_4000000006
Passivo,1,Passivo Exigível,4995500006,,RECURSOS VINCULADOS A OPERAÇÕES DE CRÉDITO,,4000000006,passivo_4000000006
Passivo,1,Passivo Exigível,4996000000,,RECURSOS DE GARANTIAS REALIZADAS,,4000000006,passivo_4000000006
Passivo,1,Passivo Exigível,4996500005,,RECURSOS EM TRÂNSITO DE TERCEIROS,,4000000006,passivo_4000000006
Passivo,1,Passivo Exigível,4997000009,,RECURSOS DO FGTS PARA AMORTIZAÇÕES,,4000000006,passivo_4000000006
Passivo,1,Passivo Exigível,4998000008,,SUBSCRIÇÕES DE CAPITAL A INTEGRALIZAR,,4000000006,passivo_4000000006
Passivo,1,Passivo Exigível,4998200004,,PASSIVOS ATUARIAIS,,4000000006,passivo_4000000006
Passivo,1,Passivo Exigível,4998300007,,VALORES A PAGAR A SOCIEDADE ADMINISTRADORA,,4000000006,passivo_4000000006
Passivo,1,Passivo Exigível,4998500003,,VALORES A PAGAR A SOCIEDADES LIGADAS,,4000000006,passivo_4000000006
Passivo,1,Passivo Exigível,4999000007,,CREDORES DIVERSOS - EXTERIOR,,4000000006,passivo_4000000006
Passivo,1,Passivo Exigível,4999200003,,CREDORES DIVERSOS - PAÍS,,4000000006,passivo_4000000006
Passivo,1,Passivo Exigível,4999400009,,OBRIGAÇÕES ESPECÍFICAS DE CONTROLADAS NÃO SUJEITAS À AUTORIZAÇÃO DO BANCO CENTRAL,,4000000006,passivo_4000000006
Passivo,1,Passivo Exigível,4999800001,,GANHOS NO RECONHECIMENTO INICIAL A APROPRIAR,,4000000006,passivo_4000000006
Passivo,1,Passivo Exigível,4999900004,,RECEITAS A APROPRIAR,,4000000006,passivo_4000000006
Passivo,2,Cobrança e Arrecadação de Tributos e Assemelhados,4911000009,,IOF A RECOLHER,,4910000000,passivo_4910000000
Passivo,2,Cobrança e Arrecadação de Tributos e Assemelhados,4912500003,,RECURSOS DO PROAGRO,,4910000000,passivo_4910000000
Passivo,2,Cobrança e Arrecadação de Tributos e Assemelhados,4913000007,,RECEBIMENTOS DE CONTRIBUIÇÃO SINDICAL,,4910000000,passivo_4910000000
Passivo,2,Cobrança e Arrecadação de Tributos e Assemelhados,4913500002,,RECEBIMENTOS DE CONTRIBUIÇÕES PREVIDENCIÁRIAS,,4910000000,passivo_4910000000
Passivo,2,Cobrança e Arrecadação de Tributos e Assemelhados,4914000006,,RECEBIMENTOS DE TRIBUTOS ESTADUAIS E MUNICIPAIS,,4910000000,passivo_4910000000
Passivo,2,Cobrança e Arrecadação de Tributos e Assemelhados,4915000005,,RECEBIMENTOS DE TRIBUTOS FEDERAIS,,4910000000,passivo_4910000000
Passivo,2,Cobrança e Arrecadação de Tributos e Assemelhados,4916000004,,RECEBIMENTOS DO FGTS,,4910000000,passivo_4910000000
Passivo,2,IMPOSTOS E CONTRIBUIÇÕES SOBRE LUCROS A PAGAR,4941500005,,PROVISÃO P/IMPOSTOS E CONTRIBUIÇÕES SOBRE LUCROS,,4941000000,passivo_4941000000
Passivo,3,DEPÓSITOS,4100000009,,DEPÓSITOS,,4100000009,passivo_4100000009
Passivo,3,OUTRAS OBRIGAÇÕES,4900000003,,OUTRAS OBRIGAÇÕES,,4900000003,passivo_4900000003
Passivo,3,IOF A RECOLHER,4911000009,,IOF A RECOLHER,,4911000009,passivo_4911000009
Passivo,3,Fiscais e Previdenciárias,4940000001,,Fiscais e Previdenciárias,,4940000001,passivo_4940000001
Passivo,3,PROVISÃO P/IMPOSTOS E CONTRIBUIÇÕES SOBRE LUCROS,4941500005,,PROVISÃO P/IMPOSTOS E CONTRIBUIÇÕES SOBRE LUCROS,,4941500005,passivo_4941500005
Passivo,3,IMPOSTOS E CONTRIBUIÇÕES A RECOLHER,4942000009,,IMPOSTOS E CONTRIBUIÇÕES A RECOLHER,,4942000009,passivo_4942000009
Passivo,3,Diversas,4990000006,,Diversas,,4990000006,passivo_4990000006
Passivo,3,PROVISÃO PARA PAGAMENTOS A EFETUAR,4993000003,,PROVISÃO PARA PAGAMENTOS A EFETUAR,,4993000003,passivo_4993000003
Passivo,3,PROVISÃO PARA CONTINGÊNCIAS,4993500008,,PROVISÃO PARA CONTINGÊNCIAS,,4993500008,passivo_4993500008
Passivo,3,CREDORES DIVERSOS - PAÍS,4999200003,,CREDORES DIVERSOS - PAÍS,,4999200003,passivo_4999200003
Patrimônio Líquido,1,Patrimônio Líquido,6000000004,,Patrimônio Líquido,,6000000004,pl_6000000004
Patrimônio Líquido,1,Patrimônio Líquido,6100000007,,PATRIMÔNIO LÍQUIDO,,6000000004,pl_6000000004
Patrimônio Líquido,1,Patrimônio Líquido,6110000004,,Capital Social,,6000000004,pl_6000000004
Patrimônio Líquido,1,Patrimônio Líquido,6111000003,,CAPITAL,,6000000004,pl_6000000004
Patrimônio Líquido,1,Patrimônio Líquido,6112000002,,AUMENTO DE CAPITAL,,6000000004,pl_6000000004
Patrimônio Líquido,1,Patrimônio Líquido,6114000000,,(-) REDUÇÃO DE CAPITAL,,6000000004,pl_6000000004
Patrimônio Líquido,1,Patrimônio Líquido,6115000009,,(-) CAPITAL A REALIZAR,,6000000004,pl_6000000004
Patrimônio Líquido,1,Patrimônio Líquido,6118000006,,(+/-) VARIAÇÕES NO RESGATE DE COTAS,,6000000004,pl_6000000004
Patrimônio Líquido,1,Patrimônio Líquido,6130000008,,Reservas de Capital,,6000000004,pl_6000000004
Patrimônio Líquido,1,Patrimônio Líquido,6131000007,,RESERVA DE ÁGIOS POR SUBSCRIÇÃO DE AÇÕES,,6000000004,pl_6000000004
Patrimônio Líquido,1,Patrimônio Líquido,6134000004,,RESERVA DE PAGAMENTOS BASEADOS EM INSTRUMENTOS DE CAPITAL,,6000000004,pl_6000000004
Patrimônio Líquido,1,Patrimônio Líquido,6139900006,,OUTRAS RESERVAS DE CAPITAL,,6000000004,pl_6000000004
Patrimônio Líquido,1,Patrimônio Líquido,6140000005,,Reserva de Reavaliação,,6000000004,pl_6000000004
Patrimônio Líquido,1,Patrimônio Líquido,6141000004,,RESERVA DE REAVALIAÇÃO,,6000000004,pl_6000000004
Patrimônio Líquido,1,Patrimônio Líquido,6150000002,,Reservas de Lucros,,6000000004,pl_6000000004
Patrimônio Líquido,1,Patrimônio Líquido,6151000001,,RESERVA LEGAL,,6000000004,pl_6000000004
Patrimônio Líquido,1,Patrimônio Líquido,6152000000,,RESERVAS ESTATUTÁRIAS,,6000000004,pl_6000000004
Patrimônio Líquido,1,Patrimônio Líquido,6154000008,,RESERVAS PARA EXPANSÃO,,6000000004,pl_6000000004
Patrimônio Líquido,1,Patrimônio Líquido,6155000007,,RESERVAS DE LUCROS A REALIZAR,,6000000004,pl_6000000004
Patrimônio Líquido,1,Patrimônio Líquido,6156000006,,RESERVA PARA INCENTIVOS FISCAIS,,6000000004,pl_6000000004
Patrimônio Líquido,1,Patrimônio Líquido,6158000004,,RESERVAS ESPECIAIS DE LUCROS,,6000000004,pl_6000000004
Patrimônio Líquido,1,Patrimônio Líquido,6160000009,,(+/-) Ajustes de Avaliação Patrimonial,,6000000004,pl_6000000004
Patrimônio Líquido,1,Patrimônio Líquido,6161500003,,(+/-) INSTRUMENTOS FINANCEIROS CLASSIFICADOS COMO VJORA,,6000000004,pl_6000000004
Patrimônio Líquido,1,Patrimônio Líquido,6162000007,,(+/-) HEDGE DE FLUXO DE CAIXA,,6000000004,pl_6000000004
Patrimônio Líquido,1,Patrimônio Líquido,6162500002,,(+/-) HEDGE DE INVESTIMENTO NO EXTERIOR,,6000000004,pl_6000000004
Patrimônio Líquido,1,Patrimônio Líquido,6163000006,,(+/-) AJUSTES DE COMBINAÇÕES DE NEGÓCIOS,,6000000004,pl_6000000004
Patrimônio Líquido,1,Patrimônio Líquido,6164000005,,(+/-) AJUSTES DE AVALIAÇÃO ATUARIAL,,6000000004,pl_6000000004
Patrimônio Líquido,1,Patrimônio Líquido,6165000004,,(+/-) AJUSTES DE VARIAÇÃO CAMBIAL DE INVESTIMENTO NO EXTERIOR,,6000000004,pl_6000000004
Patrimônio Líquido,1,Patrimônio Líquido,6166000003,,(+/-) RISCO DE CRÉDITO PRÓPRIO,,6000000004,pl_6000000004
Patrimônio Líquido,1,Patrimônio Líquido,6166500008,,(-) GOODWILL EM NOVAS AQUISIÇÕES DE CONTROLADAS,,6000000004,pl_6000000004
Patrimônio Líquido,1,Patrimônio Líquido,6167000002,,(+/-) AQUISIÇÕES DE PARTICIPAÇÕES ENTRE ENTIDADES DO GRUPO,,6000000004,pl_6000000004
Patrimônio Líquido,1,Patrimônio Líquido,6169000000,,(+/-) OUTROS AJUSTES DE AVALIAÇÃO PATRIMONIAL,,6000000004,pl_6000000004
Patrimônio Líquido,1,Patrimônio Líquido,6180000003,,(+/-) Lucros ou Prejuízos Acumulados,,6000000004,pl_6000000004
Patrimônio Líquido,1,Patrimônio Líquido,6181000002,,(+/-) LUCROS OU PREJUÍZOS ACUMULADOS,,6000000004,pl_6000000004
Patrimônio Líquido,1,Patrimônio Líquido,6188000005,,(-) REMUNERAÇÃO DO CAPITAL PAGA ANTECIPADAMENTE,,6000000004,pl_6000000004
Patrimônio Líquido,1,Patrimônio Líquido,6189000004,,(+/-) GANHOS OU PERDAS DE CAPITAL NÃO REALIZADOS,,6000000004,pl_6000000004
Patrimônio Líquido,1,Patrimônio Líquido,6190000000,,(-) Ações em Tesouraria.,,6000000004,pl_6000000004
Patrimônio Líquido,1,Patrimônio Líquido,6191000009,,(-) AÇÕES EM TESOURARIA,,6000000004,pl_6000000004
Patrimônio Líquido,1,Patrimônio Líquido,6400000006,,PARTICIPAÇÃO DE NÃO CONTROLADORES,,6000000004,pl_6000000004
Patrimônio Líquido,1,Patrimônio Líquido,6410000003,,Participação de Não Controladores,,6000000004,pl_6000000004
Patrimônio Líquido,1,Patrimônio Líquido,6411000002,,PARTICIPAÇÃO DE NÃO CONTROLADORES,,6000000004,pl_6000000004
Patrimônio Líquido,3,PATRIMÔNIO LÍQUIDO,6100000007,,PATRIMÔNIO LÍQUIDO,,6100000007,pl_6100000007
Patrimônio Líquido,3,Capital Social,6110000004,,Capital Social,,6110000004,pl_6110000004
Patrimônio Líquido,3,CAPITAL,6111000003,,CAPITAL,,6111000003,pl_6111000003
Patrimônio Líquido,3,Reservas de Lucros,6150000002,,Reservas de Lucros,,6150000002,pl_6150000002
Patrimônio Líquido,3,RESERVA LEGAL,6151000001,,RESERVA LEGAL,,6151000001,pl_6151000001
Patrimônio Líquido,3,(+/-) Lucros ou Prejuízos Acumulados,6180000003,,(+/-) Lucros ou Prejuízos Acumulados,,6180000003,pl_6180000003
Patrimônio Líquido,3,(+/-) LUCROS OU PREJUÍZOS ACUMULADOS,6181000002,,(+/-) LUCROS OU PREJUÍZOS ACUMULADOS,,6181000002,pl_6181000002
Patrimônio Líquido,3,PARTICIPAÇÃO DE NÃO CONTROLADORES,6400000006,,PARTICIPAÇÃO DE NÃO CONTROLADORES,,6400000006,pl_6400000006
Patrimônio Líquido,3,Participação de Não Controladores,6410000003,,Participação de Não Controladores,,6410000003,pl_6410000003
Patrimônio Líquido,3,PARTICIPAÇÃO DE NÃO CONTROLADORES,6411000002,,PARTICIPAÇÃO DE NÃO CONTROLADORES,,6411000002,pl_6411000002
